,precision,recall,f1-score,support
0,0.9921351897119779,0.9689640855304131,0.9804127500918973,9634.0
1,0.4272030651340996,0.7508417508417509,0.5445665445665445,297.0
accuracy,0.9624408418084786,0.9624408418084786,0.9624408418084786,0.9624408418084786
macro avg,0.7096691274230388,0.859902918186082,0.7624896473292209,9931.0
weighted avg,0.975240129697918,0.9624408418084786,0.9673781792489782,9931.0
